smiles,target
N#Cc1ccc(-c2ccc(C#N)c(O)c2)cc1,1
O=Cc1ccc(N2CCS(=O)(=O)CC2)cc1,1
O=Cc1cc(C=O)c(O)c(C=O)c1,1
C1=Cc2nc1c(-c1ccccc1)c1ccc([nH]1)c(-c1ccccc1)c1nc(c(-c3ccccc3)c3ccc([nH]3)c2-c2ccccc2)C=C1,1
O=Cc1ccc(Oc2ccc(C=O)cc2)cc1,1
O=Cc1ccc2c(c1)c1ccccc1n2-c1ccccc1,1
O=Cc1ccc2ccc3cccc4ccc1c2c34,1
O=Cc1ccc(-c2cccc3ccccc23)cc1,1
O=Cc1ccc(-c2cccnc2)cc1,1
COC(OC)(C(=O)c1ccccc1)c1ccccc1,1
O=Cc1cccc(C=O)c1,1
c1cc2cccc3c4cccc5cccc(c(c1)c23)c54,1
CCn1c2ccc(Br)cc2c2cc(Br)ccc21,1
N#Cc1ccc(C(=O)c2ccc(C#N)cc2)cc1,1
O=Cc1ccc2ncccc2c1,1
O=C(O)c1ccc(-c2ccc(-c3ccc(C(=O)O)cc3)cc2)cc1,1
N#Cc1c(-n2c3ccccc3c3ccccc32)c(C#N)c(-n2c3ccccc3c3ccccc32)c(-n2c3ccccc3c3ccccc32)c1-n1c2ccccc2c2ccccc21,1
O=Cc1ccc(-c2ccc(C=O)s2)s1,1
O=Cc1ccc(-c2ccccn2)cc1,1
O=Cc1ccc(-n2c3ccccc3c3ccccc32)cc1,1
Cc1cc(C=O)c(O)c(C=O)c1,1
O=C(c1ccc(Br)cc1)c1ccc(Br)cc1,1
CC(=O)c1ccc(C#N)cc1,1
O=Cc1ccc(-c2ccncc2)cc1,1
O=C1OC2(c3cc(Cl)c(O)cc3Oc3cc(O)c(Cl)cc32)c2ccccc21,1
Cn1c2ccc(Br)cc2c(=O)c2cc(Br)ccc21,1
O=C(c1ccccc1)c1cc(C(=O)c2ccccc2)cc(C(=O)c2ccccc2)c1,1
N#Cc1c(F)c(F)c(F)c(F)c1C#N,1
O=c1c2ccccc2sc2ccccc12,1
CC(=O)c1ccc(-c2ccc(C(C)=O)cc2)cc1,1
Cc1ccc(C(=O)c2ccccc2)cc1,1
N#Cc1cc(O)cc(C#N)c1,1
CCCCCCCCCCCCCCCCCCn1c(=O)c2ccc3sc4ccccc4c4ccc(c1=O)c2c34,1
O=C1OC2(c3ccccc31)c1cc(I)c(O)c(I)c1Oc1c2cc(I)c(O)c1I,1
Cc1ccc(-c2ccc(C=O)cc2)cc1,1
O=c1c2ccccc2oc2ccccc12,1
Brc1ccc(Br)c2nccnc12,1
O=Cc1cccc(-c2ccccc2)c1,1
N#Cc1cccc(-c2cccc(C=O)c2)c1,1
O=Cc1ccc(-n2ccnc2)cc1,1
O=Cc1ccc(C(=O)O)cc1,1
CC(=O)c1cc(C(C)=O)cc(C(C)=O)c1,1
COc1cc(C=O)cc(OC)c1,1
O=C1CCc2cccc(O)c21,1
O=Cc1cccc2cccnc12,1
CC(=O)c1ccc(C(C)=O)cc1,1
O=Cc1ccc(-c2ccccc2)cc1,1
O=Cc1cc(Br)ccc1O,1
Fc1c(F)c(Br)c2nsnc2c1Br,1
CCn1c2ccccc2c2cc(C=O)ccc21,1
O=C(c1ccccc1)c1ccncc1,1
COc1ccc2c3c(cccc13)C(=O)N(C)C2=O,1
O=Cc1ccc(C#Cc2ccccc2)cc1,1
O=C1c2ccccc2-c2ccccc21,1
O=Cc1c2ccccc2cc2ccccc12,1
N#Cc1cc(Br)c[nH]c1=O,1
N#CCc1ccc(C=O)cc1,1
N#Cc1c(Cl)c(Cl)c(C#N)c(Cl)c1Cl,1
O=Cc1ccc(Br)c(Cl)c1,1
O=C1OC2(c3ccccc31)c1cc(Br)c(O)c(Br)c1Oc1c2cc(Br)c(O)c1Br,1
O=C1c2cc3ccccc3cc2C(=O)c2cc3ccccc3cc21,1
O=Cc1ccc(-c2ccc(-c3ccc(C=O)s3)s2)s1,1
O=Cc1ccc(-c2ccc(F)cc2)cc1,1
Brc1ccc(Br)c2nsnc12,1
O=C1NC(=O)c2cccc3cccc1c23,1
Cn1c2ccccc2c2cc(C=O)ccc21,1
O=Cc1ccc2ccccc2c1,1
O=C(c1ccccc1)c1ccccc1,1
O=C(O)c1ccc(-c2c3nc(c(-c4ccc(C(=O)O)cc4)c4ccc([nH]4)c(-c4ccc(C(=O)O)cc4)c4nc(c(-c5ccc(C(=O)O)cc5)c5ccc2[nH]5)C=C4)C=C3)cc1,1
Brc1c2ccccc2c(-c2c3ccccc3c(Br)c3ccccc23)c2ccccc12,1
O=Cc1cccc(-c2ccccn2)c1,1
O=Cc1ccc2c(c1)c1ccccc1n2Cc1ccccc1,1
c1ccc2cc3cc4ccccc4cc3cc2c1,0
O=C1C=CC(=O)N1c1ccccc1,0
CCOC(=O)c1ccc(C(=O)OCC)cc1,0
Oc1ccc2cc(Br)ccc2c1-c1c(O)ccc2cc(Br)ccc12,0
N#CC1=C(C#N)SC(C#N)=C(C#N)S1,0
O=S1(=O)c2ccccc2-c2ccccc21,0
N#Cc1ccc(N)cc1,0
O=Cc1cc(O)c(O)cc1O,0
Cn1c(=O)c2ccc3c4ccc5c(=O)n(C)c(=O)c6ccc(c7ccc(c1=O)c2c37)c4c56,0
COC(=O)c1ccnc(-c2cc(C(=O)OC)ccn2)c1,0
Nc1ccc(-c2ccc(-c3ccc(N)cc3)cc2)cc1,0
C#Cc1cc(C(=O)O)cc(C(=O)O)c1,0
Cc1ccc(N(c2ccccc2)c2ccccc2)cc1,0
N#Cc1cnc(N)c(C#N)c1,0
c1ccc(C(c2ccccc2)c2ccccc2)cc1,0
CC(C)(C)c1ccc(Nc2ccc(Nc3ccc(C(C)(C)C)cc3)c3c2C(=O)c2c(O)ccc(O)c2C3=O)cc1,0
Cc1cc(C=O)ccc1O,0
COc1cc(C=O)ccc1O,0
Nc1cc(C(=O)O)cc(C(=O)O)c1,0
Cc1ccc(N)cc1C#N,0
O=c1oc(=O)c2ccc3c4ccc5c(=O)oc(=O)c6ccc(c7ccc1c2c73)c4c65,0
O=Cc1c(O)c(C=O)c(O)c(C=O)c1O,0
Cc1ccc(C#N)cc1N,0
c1ccc(N(c2ccccc2)c2cc(N(c3ccccc3)c3ccccc3)cc(N(c3ccccc3)c3ccccc3)c2)cc1,0
O=Cc1ccc(-c2ccc(C=O)cn2)nc1,0
Fc1cc(Br)ccc1Br,0
c1ccc(-c2nc(-c3ccccc3)nc(-c3ccccc3)n2)cc1,0
N#Cc1c(F)c(F)c(Br)c(F)c1F,0
OB(O)c1ccc(Br)nc1,0
N#Cc1c2ccccc2c(C#N)c2ccccc12,0
Nc1cc(C(=O)O)ccc1C(=O)O,0
CCOC(=O)c1nc(C(=O)OCC)nc(C(=O)OCC)n1,0
N#Cc1ccc(-c2ccc(N)cc2)cc1,0
N#Cc1ccc(C#N)c2ccccc12,0
Brc1ccc2c(c1)oc1cc(Br)ccc12,0
O=C1C=CC(=O)c2ccccc21,0
Cc1cc(C#N)c(C)cc1C#N,0
O=C(O)c1ccc(N=Nc2ccccc2)cc1,0
CCCCCCC1(CCCCCC)c2cc(Br)ccc2-c2ccc(Br)cc21,0
N#Cc1ccc(-c2ccccc2)cc1,0
CC(=O)c1ccc(CCc2ccc(C(C)=O)cc2)cc1,0
O=C1N=C(c2cccs2)c2c(O)[nH]c(-c3cccs3)c21,0
O=C(O)c1ccc(-c2ccc(-c3cc(-c4ccc(-c5ccc(C(=O)O)cc5)cc4)cc(-c4ccc(-c5ccc(C(=O)O)cc5)cc4)c3)cc2)cc1,0
c1ccc(P(c2ccccc2)c2ccc3ccccc3c2-c2c(P(c3ccccc3)c3ccccc3)ccc3ccccc23)cc1,0
N#Cc1ccc(C=O)cc1F,0
Nc1ccc(-c2c3nc(c(-c4ccc(N)cc4)c4ccc([nH]4)c(-c4ccc(N)cc4)c4nc(c(-c5ccc(N)cc5)c5ccc2[nH]5)C=C4)C=C3)cc1,0
N#Cc1c(F)c(F)nc(F)c1F,0
Brc1ccc2c3ccc(Br)cc3n(-c3ccccc3)c2c1,0
c1ccc2c(c1)c1ccccc1n2-c1ccc(N(c2ccc(-n3c4ccccc4c4ccccc43)cc2)c2ccc(-n3c4ccccc4c4ccccc43)cc2)cc1,0
O=Cc1cccc(O)c1,0
Nc1cc(Br)ccc1Br,0
Brc1c2ccccc2c(Br)c2ccccc12,0
O=Cc1cc(Br)cc(Br)c1,0
N#CC(C#N)=c1c(F)c(F)c(=C(C#N)C#N)c(F)c1F,0
Cc1cc2c(cc1N)S(=O)(=O)c1cc(N)c(C)cc1-2,0
Nc1ccc(N)c(S(=O)(=O)O)c1,0
Brc1ccc2ccc3c(Br)ccc4ccc1c2c43,0
N#Cc1ccc2ccc(C#N)cc2c1,0
O=Cc1cc(F)cc(Br)c1,0
N#CCc1ccccc1C#N,0
Oc1ccc(-c2ccc(O)cc2)cc1,0
N#Cc1cc(Br)cc(Br)c1O,0
N#CCc1ccc(C#N)cc1,0
N#Cc1ccc(C#N)cc1,0
c1ccc2cc3ccccc3cc2c1,0
N#Cc1cc(Br)c(N)c(Br)c1,0
N#CCC(=O)c1ccccc1,0
N#Cc1cccc(C#N)n1,0
N#Cc1cc(C#N)c(C#N)cc1C#N,0
O=Cc1cc(O)cc(Cl)c1,0
O=C(O)c1ccc(-c2ccc(C(=O)O)cc2)cc1,0
Nc1ccc(N)c2c1C(=O)c1c(N)ccc(N)c1C2=O,0
C#Cc1ccc(C#C)cc1,0
N#CCc1ccc(CC#N)cc1,0
CC1(C)OB(c2cn[nH]c2)OC1(C)C,0
O=C1C(=O)c2cc(Br)ccc2-c2ccc(Br)cc21,0
OCc1ccc(-c2ccc(CO)cc2)cc1,0
Nc1cc(Br)c(Br)cc1N,0
Nc1ccncc1,0
O=c1c2ccccc2c(=O)c2cc3c(=O)c4ccccc4c(=O)c3cc12,0
N#CC(C#N)=C1CC(=C(C#N)C#N)c2ccccc21,0
O=C1C=C(O)C(=O)C=C1O,0
Brc1ccc2c(c1)[nH]c1cc(Br)ccc12,0
c1ccc(-c2c(-c3ccccc3)c(-c3ccccc3)c(-c3ccccc3)c(-c3ccccc3)c2-c2ccccc2)cc1,0
Oc1ccc2ccccc2c1-c1c(O)ccc2ccccc12,0
Brc1ccc(C#Cc2ccc(Br)cc2)cc1,0
O=Cc1cc(O)c(O)c(O)c1,0
Brc1ccc(-c2ccc(Br)s2)s1,0
N#Cc1c(F)c(F)c(F)c(F)c1F,0
CC(=O)c1ccc(N)cc1,0
OCc1cccc2cc3cccc(CO)c3cc12,0
N#CCc1ccc(-c2ccc(CC#N)cn2)nc1,0
O=Cc1ccc(N2CCCC2)cc1,0
c1ccc2c(c1)Cc1ccccc1-2,0
C(=C\/c1ccccc1)\c1ccccc1,0
Cc1cc(C#N)ccc1N,0
N#Cc1cncc(C=O)c1,0
c1ccc(Nc2cc(Nc3ccccc3)cc(Nc3ccccc3)c2)cc1,0
N#Cc1ccc(C#N)c(OC(F)(F)F)c1,0
CC1(C)OB(c2ccc(B3OC(C)(C)C(C)(C)O3)c3nsnc23)OC1(C)C,0
O=C(C(=O)c1ccc(C(=O)C(=O)c2ccccc2)cc1)c1ccccc1,0
Brc1ccc2[nH]c3ccc(Br)cc3c2c1,0
N#Cc1cc(C#N)ncn1,0
O=C(O)c1ccc(-c2nc(-c3ccc(C(=O)O)cc3)nc(-c3ccc(C(=O)O)cc3)n2)cc1,0
N#Cc1cc(Br)ccc1Br,0
N#Cc1cccc(F)c1F,0
O=C(\/C=C\/c1ccccc1)c1ccccc1,0
N#Cc1cscc1C#N,0
O=C1Nc2c(Br)cc(Br)cc2C1=O,0
COC(=O)c1nc(N)c(Br)cc1Br,0
N#Cc1ccnc(Br)c1,0
N#Cc1cncc(-c2cncc(C#N)c2)c1,0
CC(C)c1cc(C(C)C)c(-c2ccccc2P(C(C)(C)C)C(C)(C)C)c(C(C)C)c1,0
O=Cc1cccc(C(=O)O)c1,0
N#Cc1cccc(N)c1,0
N#Cc1ccccc1CBr,0
Brc1cc(Br)c2ccc3c(Br)cc(Br)c4ccc1c2c43,0
CC(C)(O)c1ccc(C(C)(C)O)cc1,0
N#Cc1cccnc1-c1ncccc1C#N,0
N#CCc1cccc(CC#N)c1,0
O=C1Cc2cc(Br)cc(Br)c2N1,0
O=Cc1cc(O)c(C=O)cc1O,0
N#CCc1ccccc1CC#N,0
Oc1c(Br)cc(Br)cc1Br,0
Nc1cc(Br)ccc1-c1ccc(Br)cc1N,0
Brc1ccnc(-c2cc(Br)ccn2)c1,0
c1ccc(-c2ccc(-c3nc(-c4ccc(-c5ccccc5)cc4)nc(-c4ccc(-c5ccccc5)cc4)n3)cc2)cc1,0
O=C1c2cccc([N+](=O)[O-])c2C(=O)c2c1cccc2[N+](=O)[O-],0
N#Cc1c(F)cc(F)cc1F,0
N#Cc1ccc(-c2cccc(N)c2)cc1,0
O=Cc1ccc(Br)nc1,0
Brc1ccc2ccccc2c1-c1c(Br)ccc2ccccc12,0
Brc1ccc2c(c1)C1(c3cc(Br)ccc3-2)c2cc(Br)ccc2-c2ccc(Br)cc21,0
O=Cc1ccc2nsnc2c1,0
Cc1cc(Br)cc(Br)c1,0
Nc1c(Br)ccc(Br)c1N,0
c1ccc(N(c2ccccc2)c2ccccc2)cc1,0
O=C(O)C(c1ccccc1)(c1ccccc1)c1ccccc1,0
CCOC(=O)c1ccc(C(=O)OCC)nc1,0
Brc1sc(Br)c(Br)c1Br,0
Brc1ccc(-c2ccc(-c3ccc(Br)s3)s2)s1,0
Brc1ccc(-c2cc(-c3ccc(Br)cc3)cc(-c3ccc(Br)cc3)c2)cc1,0
O=Cc1cc(O)ccc1O,0
CC1(C)CC2(CC(C)(C)c3cc(O)c(O)cc32)c2cc(O)c(O)cc21,0
N#Cc1cc(Br)ccn1,0
C=Cc1ccc2c(=C(C#N)C#N)c3ccccc3c(=C(C#N)C#N)c2c1,0
OC(c1ccccc1)(c1ccccc1)c1ccccc1,0
N#Cc1cncc(Br)n1,0
CN1CCN(c2ccc(C=O)cc2)CC1,0
Fc1ccc(-c2nc(-c3ccccc3)nc(-c3ccccc3)n2)cc1,0
N#Cc1nccnc1C#N,0
Oc1cccc2cccnc12,0
CCN(CCO)c1ccc(N=Nc2ccc([N+](=O)[O-])cc2)cc1,0
c1ccc(-c2ccccc2)cc1,0
O=Cc1ccc(F)c(O)c1,0
Brc1ccc2ccc3cccc4ccc1c2c34,0
CCCCCCCCC1(CCCCCCCC)c2cc(B3OC(C)(C)C(C)(C)O3)ccc2-c2ccc(B3OC(C)(C)C(C)(C)O3)cc21,0
Brc1ccc(-c2nc(-c3ccc(Br)cc3)nc(-c3ccc(Br)cc3)n2)cc1,0
COc1cc(Br)c(Br)cc1OC,0
Nc1nc2ccccc2[nH]1,0
O=Cc1ccc(S(=O)(=O)c2ccccc2)cc1,0
COC(=O)c1ccc(-c2ccc(C(=O)OC)cc2)cc1,0
c1cc(-c2nc(-c3ccncc3)nc(-c3ccncc3)n2)ccn1,0
Oc1cc(Br)c(O)cc1Br,0
N#Cc1ccccc1-c1ccccc1C#N,0
COC(=O)c1cc(Br)oc1Br,0
c1csc(-c2ccc(-c3cccs3)s2)c1,0
c1cc(-c2cn[nH]c2)ccc1-c1cn[nH]c1,0
O=Cc1cc(Br)ccc1Br,0
C(#Cc1ccccc1)c1ccccc1,0
O=C(O)c1ccc(-c2cc(-c3ccc(C(=O)O)cc3)cc(-c3ccc(C(=O)O)cc3)c2)cc1,0
O=Cc1ccc(O)c(Cl)c1,0
O=Cc1ccc(O)cc1O,0
Nc1ccc(-c2nnc(-c3ccc(N)cc3)nn2)cc1,0
OC(c1ccccc1)c1ccccc1,0
c1ccc(-c2ccc(-c3ccc(-c4ccc(-c5ccccc5)cc4)cc3)cc2)cc1,0
CCc1cc(C)cc(CC)c1Nc1ccc(Nc2c(CC)cc(C)cc2CC)c2c1C(=O)c1ccccc1C2=O,0
Oc1c(Br)c(O)c(Br)c(O)c1Br,0
c1ccc2nc3ccccc3nc2c1,0
Cc1cc(C)c(Nc2ccc(Nc3c(C)cc(C)cc3C)c3c2C(=O)c2ccccc2C3=O)c(C)c1,0
Nc1c(Br)cnc(Br)c1N,0
c1ccc(N=C(Nc2ccccc2)Nc2ccccc2)cc1,0
CCOC(=O)c1cncc(C(=O)OCC)c1,0
c1ccc(-c2ccccc2-c2ccccc2)cc1,0
Cc1cc(N)ccc1C#N,0
O=c1[nH]cc[nH]1,0
Cc1c2ccccc2c(C)c2ccccc12,0
Fc1cc(Br)c2nsnc2c1Br,0
Nc1ccc(Br)cc1Br,0
O=Cc1ccc(Cl)c(O)c1,0
Brc1cccc(Br)n1,0
N#Cc1ccc(C=O)nc1,0
N#Cc1ccc(-c2ccc(C#N)cc2)cc1,0
CC1(C)OB(c2ccc(N)cc2)OC1(C)C,0
N#Cc1ncccc1Br,0
c1cc2ccc3cccc4ccc(c1)c2c34,0
Cc1ccc(N(c2ccc(C)cc2)c2ccc(C=O)cc2)cc1,0
c1ccc(-c2nc3ccccc3[nH]2)cc1,0
N#Cc1cc(F)cc(F)c1,0
CC1(C)OB(c2ccc3c4ccc(B5OC(C)(C)C(C)(C)O5)cc4n(-c4ccccc4)c3c2)OC1(C)C,0
Cc1cccc(N(c2ccc(C=O)cc2)c2cccc(C)c2)c1,0
Nc1cc(Br)c(F)cc1Br,0
Nc1ccc(-c2ccc(N)c(O)c2)cc1O,0
O=Cc1ccnc(-c2cc(C=O)ccn2)c1,0
Nc1c(Br)cnc(Cl)c1Br,0
O=C1c2cc(Br)ccc2-c2ccc(Br)cc21,0
N#Cc1ccc(\/C=C\/c2ccc(\/C=C\/c3ccc(C#N)cc3)cc2)cc1,0
O=C1C(Br)=C(Br)C(=O)C(Br)=C1Br,0
N#Cc1ccc(-c2ccc(C#N)cn2)nc1,0
Fc1c(F)c(F)c(-c2c(F)c(F)c(F)c(F)c2F)c(F)c1F,0
Nc1cccc2c(N)cccc12,0
N#Cc1ccc(-c2ccc(N)nc2)cc1,0
O=Cc1ccc(N(c2ccccc2)c2ccccc2)cc1,0
Cc1cc(C#N)ncc1Br,0
N#Cc1cccc(-c2cccc(C#N)n2)n1,0
CC1(C)OB(c2ccc(-n3c4ccccc4c4ccccc43)cc2)OC1(C)C,0
Nc1ccccc1-c1ccccc1,0
Nc1cccc(N)c1,0
COC(=O)c1ccc(C#N)cc1,0
Cc1[nH]c(C=O)cc1C#N,0
Cc1cc(Br)c(C)cc1Br,0
O=Cc1ccc(O)c(O)c1O,0
Cn1cnc(C#N)c1C#N,0
c1csc(-c2ccc(-c3cccs3)c3nsnc23)c1,0
c1ccc(Nc2ccc(Nc3ccccc3)cc2)cc1,0
Cc1c(C)c(Br)c(C)c(C)c1Br,0
COC(=O)c1ccc2cc(C(=O)OC)ccc2c1,0
Brc1ccccc1-c1ccccc1Br,0
c1ccc(-c2cccc(-c3ccccc3)c2)cc1,0
O=C(O)c1ccc2cc(C(=O)O)ccc2c1,0
c1ccc(N=Nc2ccccc2)cc1,0
O=c1oc(=O)c2cc3c(=O)oc(=O)c3cc12,0
O=C(O)c1c(F)c(F)c(C(=O)O)c(F)c1F,0
O=Cc1ccc(O)c(F)c1,0
CC1(C)OB(c2ccc3c(c2)[nH]c2ccccc23)OC1(C)C,0
ClCc1c2ccccc2c(CCl)c2ccccc12,0
Brc1cnc(Br)s1,0
O=c1c2ccccc2c2cc3c(=O)c4ccccc4c3cc12,0
O=Cc1cc(Br)nc(Br)c1,0
N#Cc1cccc(Br)n1,0
CNc1ccc(C#N)cc1,0
O=C1c2ccc(Br)cc2C(=O)c2ccc(Br)cc21,0
S=C=Nc1cc(Br)ccc1Br,0
COc1c(Br)cc(Br)cc1Br,0
Brc1ccc2c(c1)Cc1cc(Br)ccc1-2,0
N#Cc1nc2c3nc(C#N)c(C#N)nc3c3nc(C#N)c(C#N)nc3c2nc1C#N,0
COc1ccc(OC)cc1,0
COC(=O)c1ccc(C(=O)OC)cc1,0
N#Cc1cc(C#N)cc(C#N)c1,0
O=Cc1ccc(Br)cc1,0
Brc1ccc2c(c1)C1(c3ccccc3-c3ccccc31)c1cc(Br)ccc1-2,0
Brc1ccc(-c2ccc(Br)cc2)cc1,0
Fc1c(Br)cccc1Br,0
Brc1ccc(Br)c2nonc12,0
CCN1C(=O)C(=O)c2cc(Br)cc(Br)c21,0
c1ccc(-c2cc(-c3ccccc3)nc(-c3ccccc3)c2)cc1,0
O=C1c2ccccc2C(=O)C1(O)O,0
NNC(=O)COc1ccc(Br)cc1Br,0
c1ccc(-c2nc(-c3ccccc3)nc(-c3ccc(-c4ccc(-c5nc(-c6ccccc6)nc(-c6ccccc6)n5)cc4)cc3)n2)cc1,0
NC(c1ccccc1)(c1ccccc1)c1ccccc1,0
O=Cc1ccc2nccnc2c1,0
CCCCCCCCC1(CCCCCCCC)c2cc(Br)ccc2-c2ccc(Br)cc21,0
Cn1cc(Br)nc(Br)c1=O,0
N#Cc1ccc(C#N)nc1,0
c1ccc(-c2ccc(-c3ccc(-c4ccc(-c5ccc(-c6ccccc6)cc5)cc4)cc3)cc2)cc1,0
N#Cc1cccc(-c2ccc(N)cc2)c1,0
O=C(O)c1ccc(-c2ccccc2)cc1,0
COC(=O)c1cccc(C(=O)OC)n1,0
O=C1c2cccc3cccc(c23)C(=O)N1O,0
Nc1ccc2ccc3cccc4ccc1c2c34,0
COC(=O)c1cccc2cc3cccc(C(=O)OC)c3cc12,0
Brc1ccc(OCC2CCCCO2)c(Br)c1,0
COc1cc(C#N)c(C#N)cc1OC,0
c1cc2ccc3ccc4ccc5ccc6ccc1c1c2c3c4c5c61,0
N#Cc1ccc(Cc2ccc(C#N)cc2)cc1,0
CC1(C)OB(c2ccc(B3OC(C)(C)C(C)(C)O3)cc2)OC1(C)C,0
O=C(O)c1ccc(-c2cc(-c3ccc(C(=O)O)cc3)c(-c3ccc(C(=O)O)cc3)cc2-c2ccc(C(=O)O)cc2)cc1,0
C#Cc1cc(C#C)cc(C#C)c1,0
O=Cc1cc(C=O)cc(C=O)c1,0
OC1c2ccccc2-c2ccccc21,0
O=Cc1c(O)cc(O)cc1O,0
O=[N+]([O-])c1ccc(C(=C(c2ccc([N+](=O)[O-])cc2)c2ccc([N+](=O)[O-])cc2)c2ccc([N+](=O)[O-])cc2)cc1,0
O=C1C(Cl)=C(Cl)C(=O)C(Cl)=C1Cl,0
COc1cc(C=O)cc(OC)c1O,0
Brc1ccc2c3ccc(Br)cc3c3ccccc3c2c1,0
Brc1c2c(c(Br)c3nsnc13)N=S=N2,0
O=Cc1ccc(N2CCCCC2)cc1,0
N#Cc1cccnc1Br,0
COC(=O)c1cccc(C(=O)OC)c1,0
CCc1cc(C#N)ccc1C#N,0
N#Cc1cc(N)cc(Cl)c1,0
Brc1ccc(Br)cc1,0
Nc1c(Br)cc2[nH]cnc2c1Br,0
Fc1cc(Br)c(F)cc1Br,0
Cc1cc(C#N)cnc1Br,0
O=S1(=O)c2ccc(Br)cc2-c2cc(Br)ccc21,0
Oc1c(Br)cc(Br)c(O)c1Br,0
N#Cc1cccnc1C#N,0
CC1(C)c2ccccc2Oc2ccccc21,0
Brc1ccc(Br)nc1,0
N#Cc1ccc(Br)nc1,0
N#Cc1ccc(C=O)cn1,0
c1cncc(-c2nc(-c3cccnc3)nc(-c3cccnc3)n2)c1,0
COC(=O)c1cc(C(=O)OC)c(C(=O)OC)cc1C(=O)OC,0
Fc1c(F)c(-c2c(F)c(F)c(Br)c(F)c2F)c(F)c(F)c1Br,0
O=Cc1cccc(-c2c(O)ccc3ccccc23)c1,0
Brc1cc2cc3sc(Br)cc3cc2s1,0
Fc1c(F)c(Br)c(F)c(F)c1Br,0
Brc1ccc2c(c1)sc1cc(Br)ccc12,0
C1=Cc2cccc3cccc1c23,0
N#Cc1c(O)[nH]c(=O)c(C#N)c1-c1ccccc1,0
Brc1cnc(Br)nc1,0
Brc1ccc(Br)c2ccccc12,0
N#Cc1cc(N)c(N)cc1C#N,0
N#Cc1cc(F)c(F)c(F)c1F,0
Cc1c(C)c(C)c(C=O)c(C)c1C,0
N#CC(C#N)=c1cc(F)c(=C(C#N)C#N)cc1F,0
BrCc1cc(Br)cc(Br)c1,0
O=C1C=C(Br)C(=O)C=C1Br,0
Brc1ccc(-c2ccc(-c3ccc(Br)s3)c3nsnc23)s1,0
c1csc(-c2ccc(N(c3ccc(-c4cccs4)cc3)c3ccc(-c4cccs4)cc3)cc2)c1,0
N#Cc1cccc(C#N)c1,0
c1ccc2nsnc2c1,0
c1cc(-c2ccncc2)ccn1,0
c1ccc(Nc2ccccc2)cc1,0
C#Cc1ccc(Br)cc1,0
N#Cc1ccc(-c2ccccc2C#N)cc1,0
Oc1ccc(O)cc1,0
O=C(C(=O)c1ccccc1)c1ccccc1,0
Brc1cc(Br)c(Br)cc1Br,0
Nc1nnc(Br)cc1Br,0
COc1ccc(C=O)cc1O,0
BrCc1ccc(-c2ccc(CBr)cc2)cc1,0
O=c1oc(=O)c2ccc3c(=O)oc(=O)c4ccc1c2c43,0
N#Cc1c(F)c(F)c(F)c(C#N)c1F,0
O=C(O)c1c(C(=O)O)c(C(=O)O)c(C(=O)O)c(C(=O)O)c1C(=O)O,0
O=C1c2c(O)cccc2Cc2cccc(O)c21,0
Nc1ccc(-c2cc(-c3ccc(N)cc3)cc(-c3ccc(N)cc3)c2)cc1,0
N#CCc1ccccc1-c1ccccc1CC#N,0
Cc1cnc(C#N)c(C#N)n1,0
O=C(O)Cc1ccc(Br)cc1Br,0
Oc1cc2c3cc(O)c(O)cc3c3cc(O)c(O)cc3c2cc1O,0
O=Cc1cc(F)c(O)c(F)c1,0
BrCc1cccc(CBr)c1,0
N#Cc1ccc(C=O)cc1,0
Nc1ccc2c(c1)C(=O)c1ccc(N)cc1C2=O,0
N#Cc1cc(N)ccn1,0
Cc1cc(C)cc(-c2cc(C)cc(C)c2)c1,0
Cc1c(CBr)c(C)c(CBr)c(C)c1CBr,0
Brc1cnc(Br)c2nsnc12,0
O=Cc1ccc(Cl)cc1,0
N#Cc1cc2ccccc2cc1C#N,0
CCc1c(CBr)c(CC)c(CBr)c(CC)c1CBr,0
OB(O)c1cccc(B(O)O)c1,0
Brc1nnc(Br)s1,0
FC(F)(F)c1cc(Br)ccc1Br,0
O=C1C(F)=C(F)C(=O)C(F)=C1F,0
N#CCC(=O)c1ccc(Br)cc1,0
Brc1cc(Br)cc(-c2ccccc2)c1,0
O=Cc1ccc(O)c(O)c1,0
N#Cc1cc(F)cc(C#N)c1,0
Fc1c(F)c(F)c(B(c2c(F)c(F)c(F)c(F)c2F)c2c(F)c(F)c(F)c(F)c2F)c(F)c1F,0
N#Cc1c[nH]c2ccc(Br)cc12,0
Fc1cc(Br)c(Br)cc1F,0
O=Cc1c(F)c(F)c(C=O)c(F)c1F,0
COc1ccc(-n2c(=O)c3ccc4c5ccc6c(=O)n(-c7ccc(OC)cc7)c(=O)c7ccc(c8ccc(c2=O)c3c48)c5c67)cc1,0
N#Cc1ccc(CCc2ccc(C#N)cc2)cc1,0
c1ccc2c(c1)Cc1cc3c(cc1-2)Cc1ccccc1-3,0
O=c1c2ccccc2c2ccc3c4ccc5c6ccccc6c(=O)c6ccc(c7ccc1c2c73)c4c65,0
N#Cc1nc(N)c(N)nc1C#N,0
Brc1cccc(-c2cccc(Br)n2)n1,0
Brc1ccc2cc(Br)ccc2c1,0
c1ccc2c(c1)ccc1c3ccccc3ccc21,0
N#Cc1cc(N)ccc1Cl,0
CC(Oc1ccc(Br)cc1Br)C(=O)NN,0
O=Cc1ccc(C=O)c([N+](=O)[O-])c1,0
c1ccc2c(c1)cc1ccc3cccc4ccc2c1c34,0
Cc1[nH]c(C)c(C=O)c1C=O,0
Nc1nc(Br)cnc1Br,0
C#Cc1ccc(C#N)cc1,0
c1ccc(-c2c3ccccc3c(-c3ccccc3)c3c(-c4ccccc4)c4ccccc4c(-c4ccccc4)c23)cc1,0
O=Cc1ccc(O)cc1,0
CC(C)(C)c1cc(C=O)cc(C(C)(C)C)c1O,0
N#Cc1ccc(F)c(N)c1,0
c1ccc(C(=C(c2ccccc2)c2ccccc2)c2ccccc2)cc1,0
N#Cc1ccncc1Br,0
O=Cc1cccc(C=O)n1,0
N#Cc1ccc(-c2ccc(C#N)nc2)cn1,0
O=c1[nH]c(=O)c2ccc3c4ccc5c(=O)[nH]c(=O)c6ccc(c7ccc1c2c73)c4c65,0
N#Cc1ccc(F)cc1,0
C(C#Cc1ccccc1)#Cc1ccccc1,0
O=C(O)c1cc(Br)c(C(=O)O)cc1Br,0
C#Cc1ccccc1C#N,0
COc1cc(Br)c(OC)cc1Br,0
N#Cc1ccnc(C#N)c1,0
O=C1c2cccc(O)c2C(=O)c2cccc(O)c21,0
CC(=O)c1c(O)cccc1O,0
CC(=O)c1ccc([N+](=O)[O-])cc1,0
c1ccc2[nH]ccc2c1,0
Cc1ccc(C)c(N=Nc2cc(C)c(N=Nc3c(O)ccc4ccccc34)cc2C)c1,0
Nc1nc(N)nc(N)n1,0
OB(O)c1cc(F)c(B(O)O)cc1F,0
O=Cc1ccc(-c2nc(-c3ccc(C=O)cc3)nc(-c3ccc(C=O)cc3)n2)cc1,0
O=C1C=CC(=O)c2c(O)cccc21,0
CC(C)(C)c1cc2ccc3c(Br)cc(Br)c4ccc(c1)c2c34,0
Nc1ccc(S(=O)(=O)c2ccc(N)cc2)cc1,0
O=C1C(c2ccccc2)=C(c2ccccc2)C(c2ccccc2)=C1c1ccccc1,0
O=c1[nH]cc(Br)nc1Br,0
OCCCCc1ccc2ccc3cccc4ccc1c2c34,0
OB(O)c1ccc(-c2ccc(B(O)O)cc2)cc1,0
BrCc1ccc(CBr)cc1,0
O=Cc1ccc(N(c2ccccc2)c2ccc(-c3ccc(N(c4ccccc4)c4ccc(C=O)cc4)cc3)cc2)cc1,0
N#Cc1c(O)ccc(O)c1C#N,0
Cc1cc(-c2ccc(N)c(C)c2)ccc1N,0
CC(O)c1ccc2ccccc2c1,0
N#Cc1ccc(Br)c(F)c1,0
Brc1ccc(-c2ccc(Br)cn2)nc1,0
N#Cc1ccc(O)cc1,0
Cc1cc(-c2cc(C)c(N)c(C)c2)cc(C)c1N,0
O=[N+]([O-])c1cc(Br)ccc1Br,0
N#Cc1cnc(Br)cn1,0
c1ccc2c(c1)c1ccccc1c1ccccc21,0
O=c1cc(Br)[nH]c(Br)c1,0
O=Cc1cccc(O)c1O,0
O=Cc1ccc(\/C=C\/c2ccccc2)cc1,0
c1ccc(-c2cc(-c3ccccc3)cc(-c3ccccc3)c2)cc1,0
CC1(C)OB(c2c3ccccc3c(B3OC(C)(C)C(C)(C)O3)c3ccccc23)OC1(C)C,0
Brc1ncc(Br)n2ccnc12,0
Brc1cccc2cc3cccc(Br)c3cc12,0
N#CC(C#N)=c1ccc(=C(C#N)C#N)cc1,0
Cc1ccccc1P(c1ccccc1C)c1ccccc1C,0
O=Cc1ccc(C=O)s1,0
O=C1c2ccccc2C(=O)c2ccccc21,0
OB(O)c1cc(Br)cc(Br)c1,0
C#Cc1cnc[nH]1,0
NC(=O)c1ccc(B(O)O)cc1,0
COC(=O)c1cc(C(=O)OC)cc(C(=O)OC)c1,0
Cc1c(O)cccc1O,0
N#Cc1csc(Br)n1,0
CC1(C)c2cc(B3OC(C)(C)C(C)(C)O3)ccc2-c2ccc(B3OC(C)(C)C(C)(C)O3)cc21,0
CC1(C)OB(c2ccc(-c3cccs3)s2)OC1(C)C,0
Cc1cc(C=O)cc(C)c1O,0
c1ccc2ccccc2c1,0
